Price,Close,High,Low,Open,Volume,Stock Name
Ticker,TCS.NS,TCS.NS,TCS.NS,TCS.NS,TCS.NS,
Date,,,,,,
2022-01-03,3528.559814453125,3539.881890997438,3461.320543547103,3465.9417992794756,2346158,Tcs
2022-01-04,3590.484619140625,3594.551233901151,3522.96802817728,3540.8986356967403,2488606,Tcs
2022-01-05,3568.4873046875,3576.8518224249456,3523.6148678322807,3572.230566840417,1733031,Tcs
2022-01-06,3519.039794921875,3544.5029577793075,3486.2751386554232,3523.2451825436037,1810293,Tcs
2022-01-07,3561.601318359375,3572.1376897663213,3508.826494668977,3530.638909078192,2460591,Tcs
2022-01-10,3585.9560546875,3676.671218345284,3568.5338295704228,3676.671218345284,3937092,Tcs
2022-01-11,3619.2744140625,3627.6851884525768,3563.9118692160855,3563.9118692160855,1906106,Tcs
2022-01-12,3567.5166015625,3631.3824405208043,3545.935474546625,3627.6854362545578,3203744,Tcs
2022-01-13,3602.638671875,3625.8374673160715,3564.8368879526097,3621.216211303688,6684507,Tcs
2022-01-14,3667.567138671875,3675.746851670854,3567.6557239808667,3584.1074397061793,3348123,Tcs
2022-01-17,3714.703857421875,3736.7473372413,3662.160315807462,3690.2574600408047,3442604,Tcs
2022-01-18,3688.31640625,3735.5455004880682,3678.5192546596013,3728.382554703241,2389041,Tcs
2022-01-19,3624.477294921875,3714.6113368964216,3620.635003223693,3714.6113368964216,3102539,Tcs
2022-01-20,3542.90771484375,3629.430705196379,3528.5103105876024,3620.1719533974087,6176776,Tcs
2022-01-21,3549.34228515625,3566.054376340494,3491.5677678800553,3524.806594388899,3112358,Tcs
2022-01-24,3491.799560546875,3564.2954085904257,3462.865960260096,3555.3608032393695,3258414,Tcs
2022-01-25,3490.456787109375,3527.0288571012347,3446.292585770993,3490.086527451007,3330501,Tcs
2022-01-27,3378.750244140625,3456.6625557357074,3356.390447349526,3454.4405455610527,5718297,Tcs
2022-01-28,3416.525634765625,3453.3291718951723,3375.740789291304,3375.740789291304,3143862,Tcs
2022-01-31,3459.30078125,3479.4385643191704,3445.5514458404573,3471.10568856641,2739393,Tcs
2022-02-01,3518.927734375,3525.733007988071,3459.4402486178483,3490.5497479293667,2105169,Tcs
2022-02-02,3570.35986328125,3577.581734973642,3518.9274512563034,3544.1575501895413,1984212,Tcs
2022-02-03,3541.102294921875,3594.7103772912837,3533.186016944075,3565.54530919478,1960538,Tcs
2022-02-04,3532.121337890625,3541.194960387751,3489.6237550901296,3532.4918236102826,2307366,Tcs
2022-02-07,3498.882568359375,3547.7688267486974,3477.7262284877784,3509.993071354959,1919149,Tcs
2022-02-08,3465.967529296875,3518.048010154357,3445.1816759233952,3510.502217567619,2946443,Tcs
2022-02-09,3481.800048828125,3497.9101869843644,3468.421197319028,3472.032020202538,1638721,Tcs
2022-02-10,3490.87353515625,3508.8817619912556,3479.438886397346,3508.8817619912556,2112459,Tcs
2022-02-11,3421.062744140625,3474.3469105220747,3416.4797068158446,3474.3469105220747,3851488,Tcs
2022-02-14,3456.986328125,3512.0758993398476,3434.9967933963844,3447.9590454469367,5951745,Tcs
2022-02-15,3534.806396484375,3550.7314047729114,3470.180262083148,3505.3635198097113,3931683,Tcs
2022-02-16,3530.454833984375,3568.4157173827234,3523.881029612526,3559.064287396361,3256906,Tcs
2022-02-17,3503.697021484375,3550.731528663427,3498.88251546782,3541.4727763070687,3134372,Tcs
2022-02-18,3512.677490234375,3533.093081623403,3479.0684045684843,3489.623290407466,3688883,Tcs
2022-02-21,3443.7001953125,3544.0652045670618,3430.876959169822,3527.5845804783853,7465922,Tcs
2022-02-22,3320.55859375,3396.0174195250534,3305.374331496197,3379.4443445269244,5408531,Tcs
2022-02-23,3299.63427734375,3354.3533692608944,3292.088258392979,3343.335544149356,2426203,Tcs
2022-02-24,3149.5029296875,3225.6100434087643,3139.7351282603104,3216.4900832962635,5039136,Tcs
2022-02-25,3259.774658203125,3268.339002615077,3205.3794977488374,3210.9347481782115,2549723,Tcs
2022-02-28,3290.74560546875,3299.5877588773683,3199.732027689633,3231.3044625694884,3288942,Tcs
2022-03-02,3283.292236328125,3307.1798615969506,3246.118437621127,3289.171634241031,2761341,Tcs
2022-03-03,3281.671875,3313.3369867731726,3268.4320408520725,3298.7544527884857,1928039,Tcs
2022-03-04,3263.108154296875,3297.226517728319,3228.572966215626,3241.951816838183,2370257,Tcs
2022-03-07,3226.58251953125,3285.005337340577,3177.187211316716,3194.26956421223,3054130,Tcs
2022-03-08,3333.1044921875,3341.48370823569,3203.5282988349923,3203.5282988349923,3300992,Tcs
2022-03-09,3363.334716796875,3383.148357867698,3330.4198045596045,3337.7804680112345,2719654,Tcs
2022-03-10,3352.547607421875,3410.924081329821,3347.0386954417218,3410.924081329821,2005441,Tcs
2022-03-11,3332.36376953125,3370.0470725200753,3326.5309363719316,3336.159948421251,1623423,Tcs
2022-03-14,3372.962890625,3377.9164126825767,3314.63276103143,3314.63276103143,1765688,Tcs
2022-03-15,3327.5029296875,3387.7774981396833,3319.6329901591625,3387.7774981396833,3651133,Tcs
2022-03-16,3384.9072265625,3396.110407473579,3348.1963634204826,3370.648838170001,3090475,Tcs
2022-03-17,3400.50830078125,3434.997153603822,3388.9811992076925,3422.590515757636,3600452,Tcs
2022-03-21,3357.871337890625,3438.65394416504,3347.0386439198805,3422.034530547131,2413831,Tcs
2022-03-22,3426.61767578125,3435.9227664772247,3356.297501611409,3370.185629204284,2907611,Tcs
2022-03-23,3437.218994140625,3453.329358209745,3416.479480125924,3433.145233687514,1596195,Tcs
2022-03-24,3471.892822265625,3479.623743697921,3421.1084827870072,3425.7378582711576,1879046,Tcs
2022-03-25,3432.63623046875,3499.345588995974,3399.813997299436,3481.1983432551915,1690133,Tcs
2022-03-28,3432.86767578125,3437.7748598958606,3389.814475946842,3421.1091051212506,1760990,Tcs
2022-03-29,3430.69189453125,3446.107626785962,3417.4054944833388,3420.8775266167204,2689063,Tcs
2022-03-30,3454.94921875,3460.921067839695,3431.4781949270173,3460.921067839695,1583455,Tcs
2022-03-31,3462.72705078125,3476.337371569651,3444.441014832694,3462.7733897518965,2168110,Tcs
2022-04-01,3480.133544921875,3484.068514676692,3451.7092203723023,3470.180386130279,1387014,Tcs
2022-04-04,3490.87353515625,3499.808140122929,3460.088185775539,3483.142387074725,1472994,Tcs
2022-04-05,3532.028564453125,3551.286812765648,3492.401062857762,3492.401062857762,2314947,Tcs
2022-04-06,3476.98583984375,3526.9367662305986,3454.5794771252567,3526.9367662305986,2051729,Tcs
2022-04-07,3411.06298828125,3467.8655215629556,3406.294821473799,3467.8655215629556,2494829,Tcs
2022-04-08,3412.451416015625,3430.3671893247288,3372.4999965223546,3416.479063052159,2296773,Tcs
2022-04-11,3422.404541015625,3437.1724293149873,3385.0919562822764,3416.479030945836,2291660,Tcs
2022-04-12,3417.49755859375,3461.8468839942147,3377.9163993825296,3409.997880115189,4483476,Tcs
2022-04-13,3390.508544921875,3434.858101339573,3384.583034231537,3432.2192666787428,1621672,Tcs
2022-04-18,3266.533935546875,3342.4093604457526,3261.3952831496294,3342.4093604457526,3820792,Tcs
2022-04-19,3214.546142578125,3299.4027436135366,3184.223728588492,3286.8570889525854,3170014,Tcs
2022-04-20,3293.153076171875,3304.587499680909,3222.0458130206,3240.563317693132,2640370,Tcs
2022-04-21,3359.6767578125,3373.8890317198134,3302.966905125113,3314.633022381156,2280996,Tcs
2022-04-22,3344.770263671875,3348.8903628132857,3306.7630441768456,3315.6515358890606,1581465,Tcs
2022-04-25,3285.1904296875,3318.3368079669026,3271.2098494096517,3294.2640521055355,1960694,Tcs
2022-04-26,3283.43115234375,3321.9474236928922,3257.367630747381,3310.142515305003,1943469,Tcs
2022-04-27,3297.2265625,3303.9391573854004,3246.3961068197727,3283.153305328322,1727648,Tcs
2022-04-28,3318.614501953125,3337.224457720052,3275.7927742449456,3322.0401949610296,1703660,Tcs
2022-04-29,3283.801513671875,3354.677305160917,3274.6817786141155,3330.3730812568324,2051115,Tcs
2022-05-02,3279.820068359375,3284.958720693578,3233.850457195098,3258.987877310233,1324161,Tcs
2022-05-04,3221.814453125,3282.6444128218614,3208.4356007555775,3276.2096249393812,2305825,Tcs
2022-05-05,3252.969970703125,3271.117215785046,3226.9993511127796,3251.7665137287577,1612262,Tcs
2022-05-06,3178.15966796875,3216.9537528991964,3170.6599875675056,3202.6026856463723,2010812,Tcs
2022-05-09,3189.732666015625,3199.824615037917,3098.765429780823,3146.1238547160997,2481830,Tcs
2022-05-10,3183.853515625,3207.972611093885,3168.345105189022,3179.455608187932,1622685,Tcs
2022-05-11,3159.0859375,3192.8340407150154,3131.448474505023,3180.38106544915,1841769,Tcs
2022-05-12,3155.984130859375,3193.991349665708,3101.7743235302,3127.606148907414,2807195,Tcs
2022-05-13,3161.77099609375,3184.917875112984,3131.448584578554,3180.3811772427102,2187823,Tcs
2022-05-16,3126.495361328125,3175.7518758260658,3117.051479675817,3161.863748089217,1195813,Tcs
2022-05-17,3195.7509765625,3210.009364429456,3102.0522241439207,3120.1994687416404,1754076,Tcs
2022-05-18,3193.158203125,3235.9335890504826,3187.834421111541,3208.157335067217,1866781,Tcs
2022-05-19,3020.158935546875,3152.6054444344404,2990.5772644708495,3145.198441921819,4642963,Tcs
2022-05-20,3048.906982421875,3068.2576833595595,3027.658192147301,3064.6468605576697,3065125,Tcs
2022-05-23,3075.525634765625,3091.404302423314,3024.833972688883,3059.8320969204747,2293690,Tcs
2022-05-24,3044.278076171875,3078.3966724004986,3032.7973125308317,3069.415500890636,1711510,Tcs
2022-05-25,2952.604248046875,3069.304843103945,2939.927662407364,3069.304843103945,3548046,Tcs
2022-05-26,3007.878662109375,3021.4409367231706,2964.628757928791,2974.369282456775,2813186,Tcs
2022-05-27,3039.896728515625,3056.301762190379,3009.975844086322,3032.3465307425804,3103153,Tcs
2022-05-30,3146.11083984375,3156.6904014375914,3063.246179026115,3073.1730802058646,2094624,Tcs
2022-05-31,3135.950439453125,3153.7069872698576,3099.2717489317056,3126.4427169973,4840965,Tcs
2022-06-01,3127.421875,3157.995191553107,3113.3004704090727,3157.995191553107,1493835,Tcs
2022-06-02,3190.618896484375,3199.0079032235976,3119.1259623422734,3127.235290010248,2657939,Tcs
2022-06-03,3206.604736328125,3241.232830758231,3198.2623801423997,3224.5478908203936,1913622,Tcs
2022-06-06,3198.029296875,3218.582409905921,3147.8816308424825,3185.9584932112475,1084210,Tcs
2022-06-07,3134.412841796875,3186.7510648809975,3128.1677371793135,3170.159426482798,2308256,Tcs
2022-06-08,3173.048583984375,3182.183325975511,3119.3124248120866,3150.6778987324733,2185707,Tcs
2022-06-09,3194.441162109375,3203.6689799864675,3125.464873334572,3155.1991554420115,1279197,Tcs
2022-06-10,3131.802734375,3162.655729809659,3124.439141267898,3152.402498737479,1527582,Tcs
2022-06-13,3001.02734375,3069.444261156148,2975.7203709847363,3066.6479256616235,3030921,Tcs
2022-06-14,2992.591796875,3019.017031736059,2959.175495452625,2973.4368525155824,2611493,Tcs
2022-06-15,2988.630126953125,3014.449578447583,2983.6898888715873,3000.0018454649185,1404536,Tcs
2022-06-16,2928.695556640625,3024.5633554967403,2920.3532007433555,3020.0425218063733,2032028,Tcs
2022-06-17,2879.2001953125,2907.023824992685,2818.5665016731627,2882.089833066896,5240434,Tcs
2022-06-20,2901.10498046875,2925.666220008958,2860.6514151198703,2883.954212571156,1502769,Tcs
2022-06-21,2993.89697265625,3017.945506803778,2913.2226367827307,2917.510442837101,2964461,Tcs
2022-06-22,3004.14990234375,3029.876280951818,2966.912078694646,2982.6646782524317,3336315,Tcs
2022-06-23,3084.172119140625,3092.7475037160093,3004.150215819304,3004.150215819304,3692578,Tcs
2022-06-24,3069.537841796875,3117.9143592137266,3054.9968048798173,3112.321687717379,2132118,Tcs
2022-06-27,3089.671142578125,3134.598888800454,3082.0278708251763,3122.5747368106277,2037686,Tcs
2022-06-28,3092.886962890625,3103.9325797640845,3050.4294485448527,3082.4940063903387,1400046,Tcs
2022-06-29,3067.1142578125,3106.7290142194383,3048.938075461081,3048.938075461081,2133994,Tcs
2022-06-30,3045.302978515625,3086.129299009733,3034.0243331324173,3049.8702359475483,2719603,Tcs
2022-07-01,3090.04443359375,3106.729146564644,3031.2747293073235,3038.6849738376054,1502879,Tcs
2022-07-04,3015.428955078125,3092.7009484406526,3006.107835127692,3087.1549275834263,2622535,Tcs
2022-07-05,2997.951416015625,3049.870001020953,2989.236079112076,3034.0240994264063,2170627,Tcs
2022-07-06,3039.3837890625,3046.607656076296,2984.8552445067517,3000.002062438904,2182144,Tcs
2022-07-07,3064.64404296875,3094.051989839959,3043.391847234425,3048.9378672393636,1989921,Tcs
2022-07-08,3043.76513671875,3080.6302124598037,3029.3640515867964,3075.9696523804396,2136916,Tcs
2022-07-11,2902.410400390625,3006.061209608656,2895.139881254104,2988.4908073259307,6974600,Tcs
2022-07-12,2875.285888671875,2923.289657469663,2871.138035716222,2903.435626026422,3734815,Tcs
2022-07-13,2832.455322265625,2898.8683018498045,2828.9599022875104,2893.2756298848212,3863530,Tcs
2022-07-14,2802.548828125,2856.987667387453,2772.8761560806583,2856.0530950395996,4764908,Tcs
2022-07-15,2798.67041015625,2830.726058764615,2759.7921096909295,2821.0533719820623,4574806,Tcs
2022-07-18,2863.062255859375,2875.6322077259806,2817.0813440949487,2825.2120775135922,3202795,Tcs
2022-07-19,2873.10888671875,2877.5013308853136,2831.8008367864254,2831.8008367864254,1865074,Tcs
2022-07-20,2957.734375,2964.4164754846206,2895.3516757819707,2904.463755443031,3402251,Tcs
2022-07-21,2969.4169921875,2975.6785817606756,2938.342459259252,2959.790850639466,2420640,Tcs
2022-07-22,2963.529296875,2987.8281810499448,2937.8285539976546,2976.6133114307395,2075886,Tcs
2022-07-25,2959.55712890625,2977.9681594359186,2943.062017417833,2957.921627216636,1797504,Tcs
2022-07-26,2912.03369140625,2961.5660225085553,2893.9030803450614,2957.640864545181,2639367,Tcs
2022-07-27,2980.211181640625,2985.1176865638613,2906.520059288613,2911.192921120267,1389808,Tcs
2022-07-28,3047.17333984375,3050.444343275571,2992.173662301862,3005.5848676391656,2106333,Tcs
2022-07-29,3085.8642578125,3100.2568084671934,3060.724353625125,3074.7429384508887,2430257,Tcs
2022-08-01,3082.96728515625,3109.322179547857,3056.9861284343374,3109.322179547857,1306913,Tcs
2022-08-02,3076.425537109375,3096.1448782667594,3057.593765950281,3074.743261120328,1269114,Tcs
2022-08-03,3121.004638671875,3129.883076781587,3062.6406358893464,3065.3975789321007,2895824,Tcs
2022-08-04,3135.443603515625,3166.2377182242276,3090.9580945196662,3130.8175158047934,2150567,Tcs
2022-08-05,3144.882568359375,3156.0506617273363,3135.4900710971906,3141.2843737322733,1106933,Tcs
2022-08-08,3153.668212890625,3157.8270149954787,3117.733944920277,3144.8365481584924,1068836,Tcs
2022-08-10,3134.789306640625,3163.52740641828,3116.7987888936377,3163.52740641828,1878359,Tcs
2022-08-11,3198.57421875,3204.368522322204,3154.2288015113427,3177.5463385682983,1449248,Tcs
2022-08-12,3178.99462890625,3195.302870811783,3160.0227645312493,3195.302870811783,1472354,Tcs
2022-08-16,3170.7236328125,3191.4245477000686,3165.8639021238373,3187.8263528101575,839942,Tcs
2022-08-17,3178.573974609375,3194.3213811316514,3150.5368053111256,3163.6208176503087,1622326,Tcs
2022-08-18,3160.022705078125,3170.0693576709796,3142.0321876444086,3168.2002130025417,1430659,Tcs
2022-08-19,3164.228271484375,3197.639232336643,3150.6769726771618,3165.39648689879,1398410,Tcs
2022-08-22,3135.069580078125,3162.6862374009875,3128.387251178576,3144.8358150590852,1536532,Tcs
2022-08-23,3069.696533203125,3123.2473480886097,3056.051685176786,3102.7335299637302,1849256,Tcs
2022-08-24,3042.3603515625,3091.5654971226004,3037.54716680548,3076.612338732648,1691923,Tcs
2022-08-25,3007.640625,3063.6681905170653,3004.416396096815,3061.6589512755786,1946930,Tcs
2022-08-26,3011.379150390625,3043.902315638479,3006.3325506828073,3022.687567730297,1457962,Tcs
2022-08-29,2927.5947265625,2937.080544861813,2879.417475201515,2920.5386595276645,2539173,Tcs
2022-08-30,3001.05224609375,3015.3980245376106,2936.5202006422096,2948.576094038792,3431525,Tcs
2022-09-01,2926.80078125,2981.286406028076,2916.8009006939265,2981.286406028076,3546935,Tcs
2022-09-02,2925.5849609375,2956.0521083958206,2916.1459178520267,2956.0521083958206,2052900,Tcs
2022-09-05,2928.38916015625,2941.9872346427383,2908.6230445335764,2919.2770789660494,2147912,Tcs
2022-09-06,2922.45458984375,2935.351734247606,2903.108987321508,2930.351680776291,1936453,Tcs
2022-09-07,2943.529296875,2955.024354762012,2899.043559752517,2899.043559752517,1291534,Tcs
2022-09-08,2962.267578125,2975.2114982754993,2953.342593450103,2962.5947697607453,1346113,Tcs
2022-09-09,3007.12646484375,3021.939527041023,2961.1923276417137,2985.9584935506628,1561185,Tcs
2022-09-12,3030.771240234375,3055.8645981336053,3013.995712830484,3027.9207490430904,1785928,Tcs
2022-09-13,3018.061767578125,3049.930552647361,3013.996285972062,3049.930552647361,1972678,Tcs
2022-09-14,2916.2392578125,2935.865275736697,2910.071217650846,2929.884104398052,5090269,Tcs
2022-09-15,2901.239501953125,2932.4541243355116,2897.1740213337857,2925.211189282177,2138023,Tcs
2022-09-16,2811.84765625,2891.893911296388,2803.7169228072726,2874.744418185057,5322221,Tcs
2022-09-19,2830.6328125,2842.9691220312166,2792.3153457007625,2837.3616878654743,2072220,Tcs
2022-09-20,2841.38037109375,2878.4360736316426,2831.754230222285,2850.4456772864587,1544295,Tcs
2022-09-21,2804.83837890625,2842.4081402388815,2801.9878877194424,2829.884962517027,2253818,Tcs
2022-09-22,2810.633056640625,2831.707710734946,2784.3717080530214,2794.37158749861,2017983,Tcs
2022-09-23,2786.94140625,2824.744810604662,2784.090915067424,2807.4552228474454,2652374,Tcs
2022-09-26,2798.4833984375,2827.8758818498723,2734.6522884428437,2766.194105761011,2925489,Tcs
2022-09-27,2820.02490234375,2827.0809682450104,2781.2869294205457,2812.5015503320355,2227447,Tcs
2022-09-28,2837.034423828125,2850.398853881963,2785.025564535755,2785.025564535755,2739767,Tcs
2022-09-29,2801.19384765625,2855.9131062841743,2794.371423630691,2854.1840561097424,2493902,Tcs
2022-09-30,2807.969482421875,2822.128162674019,2757.082062100945,2795.165886483675,2817353,Tcs
2022-10-03,2789.651611328125,2823.0625718924143,2779.41809001947,2799.0441088124794,1763331,Tcs
2022-10-04,2888.903076171875,2895.3049876987843,2825.2120651431323,2831.7072969998767,2145875,Tcs
2022-10-06,2898.997314453125,2919.6046850885364,2890.118875109866,2907.455241776708,1790816,Tcs
2022-10-07,2864.370849609375,2901.847294013062,2858.0159398405376,2894.7444525257756,1939879,Tcs
2022-10-10,2914.510986328125,2922.408077969678,2808.3902380233076,2813.0631003161916,3064063,Tcs
2022-10-11,2868.716796875,2939.230239824982,2853.576769412977,2897.1744812265324,4730645,Tcs
2022-10-12,2897.875244140625,2906.4264899644604,2861.7073394561367,2883.062180973566,1665247,Tcs
2022-10-13,2900.25830078125,2906.519889636764,2852.641887129457,2897.8750957527964,2054781,Tcs
2022-10-14,2896.3798828125,2943.9029793168775,2870.071761740359,2939.230117444946,2245977,Tcs
2022-10-17,2915.681884765625,2931.2826941644485,2877.9210998943036,2879.0454433969753,1517005,Tcs
2022-10-18,2946.5556640625,2956.534755846737,2931.4233503397554,2951.5217623029694,1793722,Tcs
2022-10-19,2925.1455078125,2959.954632708688,2915.916054760822,2959.954632708688,1194289,Tcs
2022-10-20,2958.36181640625,2960.891646428582,2909.3571399242874,2909.3571399242874,1587601,Tcs
2022-10-21,2939.715576171875,2961.266369936305,2929.9709609292504,2958.8303305044374,1021913,Tcs
2022-10-24,2962.484619140625,2977.7576193273326,2956.20682472553,2970.3554813801825,260949,Tcs
2022-10-25,2962.859130859375,2983.613388593172,2952.5988971019483,2980.099672582424,2069643,Tcs
2022-10-27,2958.455322265625,2974.009464528316,2936.857862499981,2961.5474383488795,2438421,Tcs
2022-10-28,2963.936767578125,2978.225880264624,2946.836681904119,2951.5216368832985,1355739,Tcs
2022-10-31,2991.953125,2997.4346145947493,2977.5704484583644,2997.4346145947493,1919414,Tcs
2022-11-01,3054.309326171875,3057.0267371566824,3001.6035857139523,3011.957381368753,2991060,Tcs
2022-11-02,3037.44384765625,3063.960740180583,3019.0320649866376,3063.960740180583,1405955,Tcs
2022-11-03,3004.696044921875,3024.654000007401,2993.6864001014706,3024.654000007401,1422652,Tcs
2022-11-04,3014.67529296875,3017.1584568189674,2966.6544956000116,3014.3005880045257,1464013,Tcs
2022-11-07,3029.94775390625,3038.474463517601,2993.780038525485,3025.543941953465,1474498,Tcs
2022-11-09,3013.409912109375,3045.0333579480834,2999.9171046303204,3045.0333579480834,1162267,Tcs
2022-11-10,3003.665283203125,3021.796151615853,2970.2616436037997,2970.2616436037997,1573092,Tcs
2022-11-11,3107.015625,3131.049584222553,3049.9529579123573,3063.586224312389,3265394,Tcs
2022-11-14,3125.33349609375,3137.9828746568637,3100.50323446986,3114.5580995399864,1342074,Tcs
2022-11-15,3122.61669921875,3129.503446698846,3084.574768229046,3111.747510719521,1400708,Tcs
2022-11-16,3143.93310546875,3155.6921604930703,3112.168970665972,3128.5194192276267,1748235,Tcs
2022-11-17,3137.982666015625,3148.289566381756,3108.7016990663897,3129.549747534245,1417986,Tcs
2022-11-18,3132.78271484375,3150.86668805926,3111.747311291295,3138.9200520403006,1164540,Tcs
2022-11-21,3076.6103515625,3123.647260173227,3066.771944773584,3113.153005349903,1304194,Tcs
2022-11-22,3106.07861328125,3109.826577695836,3050.1402901450765,3073.3308199603257,1149739,Tcs
2022-11-23,3099.84765625,3120.1803170691733,3083.637664707102,3120.1803170691733,1150011,Tcs
2022-11-24,3167.170166015625,3179.163697055142,3099.847497180881,3107.29653018246,1296591,Tcs
2022-11-25,3176.07177734375,3188.908738366197,3137.0461896948186,3169.840878057817,1588981,Tcs
2022-11-28,3181.31884765625,3201.6984028985808,3153.4902593527213,3153.9118595717364,2195437,Tcs
2022-11-29,3183.28662109375,3212.942296191612,3169.840708082888,3169.840708082888,1576028,Tcs
2022-11-30,3177.1494140625,3199.730761937207,3162.344909180596,3169.8408378542094,3410702,Tcs
2022-12-01,3256.652587890625,3260.728590131314,3204.509131680774,3209.194086551652,2180856,Tcs
2022-12-02,3222.452880859375,3250.328366350785,3197.950654863241,3240.2090453801475,2411749,Tcs
2022-12-05,3210.03759765625,3222.4527292658595,3192.328558033124,3216.6903257199046,1475065,Tcs
2022-12-06,3172.042724609375,3193.218584964588,3155.785838481151,3185.8164472146505,1166999,Tcs
2022-12-07,3167.591552734375,3179.8659963655277,3142.6675030970746,3156.0665188230287,1167505,Tcs
2022-12-08,3139.435302734375,3167.5919285913455,3129.034610926169,3148.289822107538,1285619,Tcs
2022-12-09,3085.27734375,3161.501658748308,3069.9107817149584,3161.501658748308,1797896,Tcs
2022-12-12,3079.374267578125,3088.3225780810603,3032.196904284624,3050.37443960646,1527610,Tcs
2022-12-13,3122.14794921875,3126.2237230056066,3061.89937933797,3070.707003648548,1378016,Tcs
2022-12-14,3153.30322265625,3164.2190779278194,3130.393606290578,3137.7959735468066,1213311,Tcs
2022-12-15,3096.849365234375,3152.740792650002,3091.0867327350625,3147.1657413761045,1415694,Tcs
2022-12-16,3036.085205078125,3084.5744912019713,3021.9834442316555,3068.6456435864084,2703680,Tcs
2022-12-19,3000.29248046875,3041.0046991379804,2993.2181517166164,3023.670363308662,2120965,Tcs
2022-12-20,3039.552001953125,3044.2838523998134,2964.3115765932057,2997.340510356546,1529971,Tcs
2022-12-21,3062.6025390625,3076.1889110479397,3035.8513953672327,3044.2843159099193,1432566,Tcs
2022-12-22,3054.309326171875,3086.44816121595,3040.6293956808845,3086.44816121595,1384101,Tcs
2022-12-23,3024.934814453125,3061.008965903116,3014.299875704456,3014.299875704456,1360281,Tcs
2022-12-26,3047.93798828125,3065.834608212414,3021.8429257073353,3024.935041815543,870157,Tcs
2022-12-27,3054.122314453125,3067.5213321625115,3027.8865651649867,3063.2110818478573,835883,Tcs
2022-12-28,3051.8740234375,3060.3069439457468,3022.7335066226265,3045.0339421626227,910795,Tcs
2022-12-29,3062.789306640625,3065.3660318699212,3024.606923697419,3027.5116872771064,1037927,Tcs
2022-12-30,3051.498779296875,3091.1335474052403,3041.660373038083,3078.999558770914,1163131,Tcs
2023-01-02,3055.948974609375,3061.0088628059534,3031.3529630855214,3055.5273744490473,709547,Tcs
2023-01-03,3102.70556640625,3110.8104479075505,3040.817258581149,3047.095053191372,1245178,Tcs
2023-01-04,3105.797119140625,3117.697087817919,3079.1397710065667,3098.3480864601424,1231668,Tcs
2023-01-05,3102.470947265625,3127.0200653632796,3075.15752275142,3120.3673378553267,1826057,Tcs
2023-01-06,3009.194091796875,3093.5232986110555,2998.3717978375325,3092.0709165199555,2488376,Tcs
2023-01-09,3110.763427734375,3117.3692604670437,3018.188665140615,3025.5441364737253,2885060,Tcs
2023-01-10,3079.3271484375,3090.1963356024403,3026.574737843065,3078.0154525330554,3864655,Tcs
2023-01-11,3118.961669921875,3138.451127061016,3065.0377960281457,3082.7939571974375,2720512,Tcs
2023-01-12,3124.25634765625,3138.9201667831107,3106.6408693269636,3119.243353797306,2250391,Tcs
2023-01-13,3161.92333984375,3166.092904457676,3096.7555635491626,3132.2674344844054,1742837,Tcs
2023-01-16,3187.256103515625,3205.3717126544593,3152.841137319514,3170.9567464583483,1843607,Tcs
2023-01-17,3229.65380859375,3232.904251513613,3174.781141480306,3183.3848844111467,1688475,Tcs
2023-01-18,3240.742919921875,3258.858530568813,3223.7744282320186,3231.183206293787,2421189,Tcs
2023-01-19,3224.587158203125,3237.8750670407776,3213.019811137896,3231.183267374617,1585044,Tcs
2023-01-20,3215.02734375,3245.1880531594443,3207.857558617845,3216.8435959602352,1529349,Tcs
2023-01-23,3264.546630859375,3268.466206944378,3207.857713720008,3238.8310936319253,1067916,Tcs
2023-01-24,3285.0048828125,3299.965743297396,3266.841424474593,3274.2023582806073,1387863,Tcs
2023-01-25,3278.742919921875,3283.761769788364,3255.0826276941425,3274.48889385619,874110,Tcs
2023-01-27,3260.8662109375,3294.2773638724843,3233.382033859342,3275.1579363398528,1785879,Tcs
2023-01-30,3282.47119140625,3306.1793294340155,3236.4891058802536,3269.4222748063703,1953798,Tcs
2023-01-31,3210.82080078125,3297.145056982744,3203.4598683529066,3297.145056982744,2820375,Tcs
2023-02-01,3258.284912109375,3268.4659132177826,3207.283749296771,3214.9315197868973,2205161,Tcs
2023-02-02,3308.04345703125,3316.2649047206683,3269.5179949521917,3276.1141044905535,1813847,Tcs
2023-02-03,3328.979248046875,3349.7237807183524,3300.8735488929615,3349.7237807183524,1804469,Tcs
2023-02-06,3307.613037109375,3320.231812294407,3285.53023888343,3320.231812294407,1138714,Tcs
2023-02-07,3319.658203125,3339.2077696414367,3308.9989830353165,3316.168767825557,1455647,Tcs
2023-02-08,3365.114990234375,3384.043037082242,3324.9163465236957,3324.9163465236957,1986946,Tcs
2023-02-09,3384.951416015625,3391.404222948409,3350.9665861580047,3360.2394620349737,1655427,Tcs
2023-02-10,3381.796630859375,3386.3853402008276,3353.6909320126356,3365.0192863188977,1187821,Tcs
2023-02-13,3329.07470703125,3392.74249557099,3320.4709644389313,3392.74249557099,1087939,Tcs
2023-02-14,3345.995849609375,3369.6561435916205,3341.1203017352323,3350.6800164755336,1579818,Tcs
2023-02-15,3365.640380859375,3370.7549208485484,3307.8041152010264,3333.4720388539104,1429449,Tcs
2023-02-16,3401.39404296875,3417.59771131333,3371.711084699892,3371.9022322991577,1618931,Tcs
2023-02-17,3346.9990234375,3383.086942166768,3336.340036162784,3370.8983073641675,1061369,Tcs
2023-02-20,3333.759033203125,3366.931193341688,3322.0483838225355,3347.8117657815424,1296082,Tcs
2023-02-21,3299.05712890625,3354.407776715617,3293.082307968648,3340.163896956951,1139541,Tcs
2023-02-22,3251.784423828125,3295.233275428991,3245.5227647465695,3264.594346685863,1218430,Tcs
2023-02-23,3263.4951171875,3300.395472120601,3257.9504365502926,3270.378064389246,1441570,Tcs
2023-02-24,3250.73291015625,3282.757952151856,3233.382122551034,3271.81212626747,977592,Tcs
2023-02-27,3185.153076171875,3240.7427140309064,3170.0008376774294,3240.7427140309064,1128022,Tcs
2023-02-28,3166.98974609375,3242.6547842747163,3154.609730531436,3181.950604203536,4116217,Tcs
2023-03-01,3236.632080078125,3239.7868321403203,3169.044953834512,3176.692724462167,1669307,Tcs
2023-03-02,3175.210693359375,3221.5274542063657,3171.9126391922064,3213.019403352925,1556538,Tcs
2023-03-03,3194.99951171875,3210.151750772091,3184.4362151543464,3206.3278654227497,1043190,Tcs
2023-03-06,3223.39208984375,3255.0346014937827,3211.107764639712,3213.8799881981263,1334132,Tcs
2023-03-08,3241.125,3246.478532632999,3184.1970958361435,3215.887451053418,1844590,Tcs
2023-03-09,3189.93310546875,3235.963032800307,3184.197277345618,3235.963032800307,1648500,Tcs
2023-03-10,3184.340576171875,3190.3153971268657,3145.1457507071354,3167.037401329644,1024404,Tcs
2023-03-13,3137.4501953125,3221.4323736365195,3127.938326846498,3186.2525804949196,1901233,Tcs
2023-03-14,3073.400146484375,3158.9117398870812,3068.0944586383985,3135.5861315334737,2670334,Tcs
2023-03-15,3058.056640625,3116.801266458841,3051.460531704396,3106.9068696864933,1780522,Tcs
2023-03-16,3044.76904296875,3078.036895830815,3032.341414221939,3066.7563861361855,1901060,Tcs
2023-03-17,3039.31982421875,3079.566078872792,3005.5739881694735,3011.7878020763123,6739966,Tcs
2023-03-20,3004.90478515625,3030.0944901437797,2958.779167610498,3030.0944901437797,2289468,Tcs
2023-03-21,2969.3427734375,3017.762630097372,2961.073481030621,3004.9048618157153,1815297,Tcs
2023-03-22,2992.955078125,3005.095867303163,2969.3426330194834,2992.2380996295406,1123939,Tcs
2023-03-23,2987.075927734375,3007.8206937308737,2964.4672975863077,2977.755206627807,1372218,Tcs
2023-03-24,2983.108642578125,3030.429225115416,2969.247057794474,3010.2581359702144,1329577,Tcs
2023-03-27,2984.829345703125,3013.9386261731916,2969.2469662656194,2996.970134978338,1524217,Tcs
2023-03-28,2978.7109375,3010.8795123974446,2973.2141024194693,2989.322312490294,1303530,Tcs
2023-03-29,3000.698486328125,3011.3098620557594,2967.430868850956,2991.2344629753875,1740616,Tcs
2023-03-31,3064.748291015625,3071.5357805882495,3013.2215314080804,3049.5005954902435,2382581,Tcs
2023-04-03,3059.1083984375,3082.959837553278,3034.014149856567,3082.959837553278,1521830,Tcs
2023-04-05,3097.156005859375,3120.6251490244513,3045.246715220492,3045.246715220492,2655065,Tcs
2023-04-06,3078.89697265625,3113.9334637199677,3073.4479824760288,3083.0076962628905,1703464,Tcs
2023-04-10,3119.717041015625,3127.9384885903864,3073.4481176094414,3078.2279747130333,2203187,Tcs
2023-04-11,3072.301025390625,3128.846642062926,3051.6041039166034,3120.290744451134,2348779,Tcs
2023-04-12,3098.92431640625,3117.3746094431576,3058.152233224214,3085.827556083858,2417727,Tcs
2023-04-13,3048.449462890625,3087.7875922652247,3039.9890227255155,3068.668164449341,4174070,Tcs
2023-04-17,3001.27197265625,3024.1195939505706,2935.0709584481133,2996.1098208615767,5505048,Tcs
2023-04-18,2992.907470703125,3017.8584176843506,2973.6447402843605,3016.0419319833154,2617302,Tcs
2023-04-19,2953.5693359375,3001.7502012247805,2936.2661602108,2992.9074657593887,3298034,Tcs
2023-04-20,2968.10009765625,2975.939016585411,2942.4800170414055,2953.9516740279214,2419999,Tcs
2023-04-21,3021.682373046875,3025.1237301431133,2964.276242278733,2973.0711327132904,1929184,Tcs
2023-04-24,3035.017822265625,3040.8969525829384,2988.50967707065,3012.3613484445364,1640676,Tcs
2023-04-25,3036.1650390625,3050.6957570547875,3008.9198553051697,3042.8568385818444,2024090,Tcs
2023-04-26,3057.339599609375,3067.1383056903596,3040.9447847426436,3040.9447847426436,2000029,Tcs
2023-04-27,3047.5888671875,3058.3435450466227,3031.0505158902934,3044.768798338286,2434446,Tcs
2023-04-28,3077.510986328125,3085.15875766947,3055.523643721758,3059.490831748497,2931312,Tcs
2023-05-02,3077.654052734375,3092.56729906325,3068.668015453797,3092.56729906325,2321159,Tcs
2023-05-03,3039.89306640625,3074.403723952715,3033.440260082655,3074.403723952715,2468285,Tcs
2023-05-04,3078.89697265625,3082.481865326323,3038.0770414646404,3040.132286572236,1953253,Tcs
2023-05-05,3088.45654296875,3101.171008392915,3068.7158282725163,3078.2276963702793,1710027,Tcs
2023-05-08,3107.480712890625,3111.543591323228,3089.030418271336,3102.127179716966,928235,Tcs
2023-05-09,3138.693115234375,3152.7936934570835,3103.0831804007557,3109.392685029872,1107375,Tcs
2023-05-10,3142.086669921875,3160.919258779031,3122.250264472105,3145.145731553913,1559987,Tcs
2023-05-11,3137.6416015625,3163.978661690825,3127.9385847006542,3163.3095283540542,1719623,Tcs
2023-05-12,3130.136962890625,3145.1456660472745,3116.4665262352933,3134.773283792033,1027479,Tcs
2023-05-15,3111.734375,3147.057467269346,3105.3294140747907,3139.4096969965167,1150390,Tcs
2023-05-16,3114.6982421875,3140.366168611734,3107.337308805424,3112.83414456479,986306,Tcs
2023-05-17,3067.42529296875,3135.5860984331007,3057.4354388151414,3112.5949402708734,1588815,Tcs
2023-05-18,3058.96484375,3086.7834684186278,3054.328289609514,3083.9155545316708,1369364,Tcs
2023-05-19,3080.95263671875,3092.0896105946354,3062.024355602438,3068.668310406177,1152449,Tcs
2023-05-22,3153.462890625,3162.783612011821,3075.4079171883586,3087.7877004546135,1333243,Tcs
2023-05-23,3151.885498046875,3181.4249204535645,3145.2415436068895,3160.44139525471,1687418,Tcs
2023-05-24,3157.908203125,3171.1482669196616,3131.7622920978215,3131.7622920978215,1016555,Tcs
2023-05-25,3148.491943359375,3160.4415863810823,3123.254390654116,3148.969929080243,1374917,Tcs
2023-05-26,3182.3330078125,3191.65372869219,3146.1017861598248,3148.491714590514,1791115,Tcs
2023-05-29,3174.159912109375,3223.5357443746593,3166.177457108206,3212.828910763215,1210372,Tcs
2023-05-30,3170.1923828125,3180.469075598528,3155.9963472313284,3169.045263784445,1344224,Tcs
2023-05-31,3144.667724609375,3181.185783138589,3121.3897291113676,3163.30916574933,5815424,Tcs
2023-06-01,3177.648681640625,3192.944222827824,3152.3154415493264,3168.0889683986256,1177314,Tcs
2023-06-02,3160.05908203125,3189.02482808577,3152.2677752618392,3179.799797640102,2030661,Tcs
2023-06-05,3144.093994140625,3180.5165949415255,3140.4136445780946,3169.0449390535487,1861468,Tcs
2023-06-06,3089.986328125,3144.0465561651104,3078.801509693948,3135.5861161232588,2022849,Tcs
2023-06-07,3130.71044921875,3134.486722726361,3098.303114136808,3109.774770221239,1567196,Tcs
2023-06-08,3093.95361328125,3126.026500662053,3090.655558605632,3117.42275799968,1759366,Tcs
2023-06-09,3067.998779296875,3106.9067650298857,3064.22273929151,3102.1269084683013,1775689,Tcs
2023-06-12,3103.943359375,3111.1131446765144,3069.624080421664,3073.447965915805,2324605,Tcs
2023-06-13,3100.884521484375,3121.246759888742,3096.3915023827367,3116.4669026760484,1371928,Tcs
2023-06-14,3107.910888671875,3112.499598102683,3083.8204558994544,3100.8844054755014,1658544,Tcs
2023-06-15,3097.557373046875,3127.557251232907,3091.4899159061074,3125.486721196806,2273810,Tcs
2023-06-16,3057.68603515625,3081.281521680416,3039.4838967456376,3078.9702211330173,4156189,Tcs
2023-06-19,3091.87548828125,3096.209353257731,3057.782511183822,3072.228727772092,1468186,Tcs
2023-06-20,3108.536865234375,3113.1597016079154,3082.8708475921944,3095.342700995465,1528452,Tcs
2023-06-21,3137.91064453125,3140.9924568799966,3104.9251184168875,3130.0134269103337,1645987,Tcs
2023-06-22,3118.938232421875,3147.011953246728,3110.8484449991383,3139.644476669851,1529603,Tcs
2023-06-23,3097.606201171875,3129.4358455946385,3090.671828677444,3117.782704566682,1119505,Tcs
2023-06-26,3071.891357421875,3095.2460727349076,3055.856152092882,3086.6747454956467,1978803,Tcs
2023-06-27,3079.3076171875,3091.153327262196,3064.8131988160303,3083.7858504960086,863542,Tcs
2023-06-28,3096.739013671875,3111.6667704215706,3075.503028818639,3089.5641066466583,1575872,Tcs
2023-06-30,3180.33447265625,3187.798350970456,3095.438970139751,3101.121054418389,2672406,Tcs
2023-07-03,3151.490234375,3196.2735041582578,3148.0712495488997,3191.939639340523,1687264,Tcs
2023-07-04,3186.69091796875,3192.6137725456633,3156.305662942156,3168.536745603388,1656681,Tcs
2023-07-05,3197.380615234375,3206.096545027159,3182.982601776738,3197.4288163082515,1453008,Tcs
2023-07-06,3200.22216796875,3205.567315224178,3180.093866558986,3184.4759326918947,1848238,Tcs
2023-07-07,3206.337646484375,3232.9667439707105,3180.093687374456,3180.093687374456,1789326,Tcs
2023-07-10,3151.153076171875,3202.003803954915,3144.652278915932,3202.003803954915,1407431,Tcs
2023-07-11,3151.58642578125,3173.3521521962134,3140.4148263521242,3173.3521521962134,1110172,Tcs
2023-07-12,3139.5478515625,3167.7179725506257,3130.109845281923,3159.8207548887985,1515240,Tcs
2023-07-13,3217.220458984375,3243.1272452620883,3151.923516558231,3162.7581784056924,4585146,Tcs
2023-07-14,3384.892578125,3394.716192529861,3228.247545881823,3240.767599013226,6306101,Tcs
2023-07-17,3362.7900390625,3418.841308877084,3348.6809957988407,3380.4144692180525,2743228,Tcs
2023-07-18,3367.75,3393.897555961706,3337.0757750872053,3347.669666436688,2600090,Tcs
2023-07-19,3341.939453125,3387.0116934057146,3318.4401343685745,3370.7836836208276,2405370,Tcs
2023-07-20,3344.112060546875,3359.17505178323,3317.799857629101,3334.263136327214,1715404,Tcs
2023-07-21,3252.38134765625,3316.6891938073722,3243.4496827125977,3286.901025681717,3770223,Tcs
2023-07-24,3277.921142578125,3295.9775429939045,3256.0507268568176,3264.644342899077,1680132,Tcs
2023-07-25,3282.169677734375,3289.55654784679,3263.8718806622337,3280.576556042347,1272980,Tcs
2023-07-26,3271.693115234375,3303.1229677022375,3268.506636210875,3283.328466655761,1066803,Tcs
2023-07-27,3279.9970703125,3294.239455480732,3268.5550243493367,3278.1142258617147,1701769,Tcs
2023-07-28,3239.925048828125,3276.907015562673,3216.364860149197,3268.5064700105168,2599831,Tcs
2023-07-31,3303.7021484375,3308.7231454134776,3245.2359048108888,3248.615453740304,2743678,Tcs
2023-08-01,3333.24951171875,3340.9258693865177,3297.4745213742654,3297.4745213742654,1956167,Tcs
2023-08-02,3322.241455078125,3327.793571366878,3296.1225574758546,3316.737665209175,1914899,Tcs
2023-08-03,3282.942138671875,3315.096180668876,3252.091731302053,3302.3021737093295,2026351,Tcs
2023-08-04,3325.04150390625,3351.546774813448,3284.1971961493055,3284.1971961493055,2248493,Tcs
2023-08-07,3364.14794921875,3367.961964502155,3322.8208458552294,3335.083733612658,1853889,Tcs
2023-08-08,3351.160888671875,3369.844825304875,3337.642692647767,3364.147965561596,1634225,Tcs
2023-08-09,3343.33935546875,3347.6844896491425,3307.1782303818727,3345.6566660695125,1794589,Tcs
2023-08-10,3323.64208984375,3345.6572516198967,3312.006736909912,3331.2701213333694,1096701,Tcs
2023-08-11,3330.111083984375,3347.346642496988,3296.5086638135926,3319.779367012943,1679974,Tcs
2023-08-14,3331.125,3336.0976706840042,3293.6119116362197,3322.289751845748,1190425,Tcs
2023-08-16,3339.380615234375,3346.7191589262047,3316.9790800142173,3331.2697917759397,1328445,Tcs
2023-08-17,3317.51025390625,3341.6982168977825,3295.7362545717842,3336.097774065661,1843241,Tcs
2023-08-18,3251.222900390625,3292.646422376683,3240.9876002074298,3292.646422376683,2526749,Tcs
2023-08-21,3284.58349609375,3292.404832163678,3255.9539831529937,3258.8507393657633,1375579,Tcs
2023-08-22,3265.7548828125,3293.6121185977104,3249.2435123154883,3282.990678168342,1222012,Tcs
2023-08-23,3281.300537109375,3284.92148230592,3259.8162622765394,3271.4032869054845,1330046,Tcs
2023-08-24,3271.161865234375,3295.591222452331,3261.844060629516,3290.7149691443437,1152881,Tcs
2023-08-25,3264.933837890625,3269.2789720278925,3234.9523651957556,3258.8506029507275,1158046,Tcs
2023-08-28,3259.38232421875,3277.197330325143,3244.4640747390436,3277.197330325143,1037485,Tcs
2023-08-29,3259.9609375,3272.899922841117,3249.194754969914,3264.69244723421,944517,Tcs
2023-08-30,3274.251953125,3290.811885129729,3266.623922322133,3281.059377733888,1188200,Tcs
2023-08-31,3241.27734375,3299.791681624648,3228.57975341194,3283.956174256532,3417652,Tcs
2023-09-01,3262.90625,3272.3690343967933,3241.277230583299,3250.160569424493,1277950,Tcs
2023-09-04,3300.853759765625,3314.7100048443544,3254.0711932931536,3261.747550237906,1828332,Tcs
2023-09-05,3311.330078125,3328.372564556109,3287.962725025196,3302.301761178385,1501842,Tcs
2023-09-06,3311.861083984375,3325.3792788285155,3281.1556585721437,3315.82007819846,1314818,Tcs
2023-09-07,3336.339111328125,3340.9256421953005,3304.5231180393384,3312.730594327969,1885092,Tcs
2023-09-08,3323.4482421875,3345.753358875451,3316.8341237437176,3336.3389013721217,1518917,Tcs
2023-09-11,3360.864501953125,3365.7407550425687,3326.4414790560145,3342.8564297509206,1783604,Tcs
2023-09-12,3457.568359375,3466.355045356215,3363.134057050825,3371.8243259320934,4476016,Tcs
2023-09-13,3445.064208984375,3465.341503828179,3423.0004867279226,3448.202361757821,1754929,Tcs
2023-09-14,3437.532470703125,3473.886667989774,3423.579808332621,3447.1883250410006,2604721,Tcs
2023-09-15,3474.4658203125,3483.2044148984965,3439.849491137263,3445.0637934828255,2952897,Tcs
2023-09-18,3482.0458984375,3494.7434886291917,3452.2094021375974,3456.844259474895,1395753,Tcs
2023-09-20,3481.949462890625,3500.2472600402116,3456.7959147431607,3456.7959147431607,1649396,Tcs
2023-09-21,3461.91357421875,3480.9355605084756,3406.5854805752847,3465.051726943203,2004073,Tcs
2023-09-22,3479.6318359375,3508.696051637642,3442.360379831806,3460.6581765584615,1989083,Tcs
2023-09-25,3454.04345703125,3495.41888257485,3436.1801284877047,3478.521139357983,1238778,Tcs
2023-09-26,3462.2998046875,3471.2314703676952,3414.3102535319094,3444.822848961871,1726062,Tcs
2023-09-27,3465.77587890625,3489.6257922088716,3433.332113714776,3466.451741568857,1541134,Tcs
2023-09-28,3415.034423828125,3478.8113915085028,3405.9580146715466,3476.107705034636,1755753,Tcs
2023-09-29,3407.164794921875,3445.643232325823,3384.908003924056,3415.4686880605122,2243791,Tcs
2023-10-03,3392.92236328125,3412.5718847929147,3360.333855923716,3412.5718847929147,1948148,Tcs
2023-10-04,3415.999755859375,3425.8970062296835,3357.6301654573294,3366.3204340751613,1788138,Tcs
2023-10-05,3465.82421875,3499.281660195655,3428.9869925009516,3431.690678900485,2990768,Tcs
2023-10-06,3496.770751953125,3509.8544808169436,3452.016011658949,3467.417051106925,2075691,Tcs
2023-10-09,3513.137939453125,3552.3888939588187,3506.0407920534035,3519.6073148630285,4233074,Tcs
2023-10-10,3504.0126953125,3522.4554703876634,3477.411006653071,3514.779113755348,1848148,Tcs
2023-10-11,3485.666748046875,3524.3868180696127,3480.9354737372473,3524.3868180696127,2426417,Tcs
2023-10-12,3420.634765625,3465.1481132001263,3416.337957542109,3451.9679661702025,4241281,Tcs
2023-10-13,3447.9609375,3453.899193789338,3403.688749820357,3408.5166771250665,2890357,Tcs
2023-10-16,3402.771240234375,3451.6297195174084,3397.9916397023617,3443.277500190689,1671104,Tcs
2023-10-17,3386.356201171875,3412.523423117895,3382.7835824694134,3408.5163381489447,1672065,Tcs
2023-10-18,3367.23779296875,3401.467749336901,3364.0996403191984,3390.1704469462416,1408245,Tcs
2023-10-19,3345.359130859375,3365.8826992094478,3341.728816129803,3358.7671878000406,1514545,Tcs
2023-10-20,3383.017333984375,3387.809301586168,3334.1291014568424,3340.2762918565977,1481211,Tcs
2023-10-23,3301.31103515625,3367.9152510763406,3292.7436349224454,3362.1551994584183,1106272,Tcs
2023-10-25,3281.901123046875,3315.6871545494155,3269.4126996921163,3282.288262043735,1518537,Tcs
2023-10-26,3230.25390625,3266.024558563987,3223.719340020229,3260.5549791481394,1984471,Tcs
2023-10-27,3244.000732421875,3254.698106901968,3230.496009140948,3243.0810999766786,1108851,Tcs
2023-10-30,3270.7197265625,3274.882534371787,3227.3495229735563,3243.0808854777392,910972,Tcs
2023-10-31,3261.232666015625,3290.5172042410713,3243.1295442005257,3290.5172042410713,999811,Tcs
2023-11-01,3224.3486328125,3263.9918586515023,3205.3258782106473,3247.921570944344,1563475,Tcs
2023-11-02,3252.85888671875,3268.2028751009575,3236.4981265982724,3236.4981265982724,1245384,Tcs
2023-11-03,3243.9521484375,3279.771251660559,3237.562936698764,3274.0596513617274,1402598,Tcs
2023-11-06,3272.365478515625,3284.030936336669,3251.793696423041,3267.283038233928,1099852,Tcs
2023-11-07,3262.87841796875,3295.5027989737487,3258.5704917719295,3270.1874988727204,1191144,Tcs
2023-11-08,3273.6240234375,3293.372839638349,3262.007017119683,3263.846281913898,992899,Tcs
2023-11-09,3240.6123046875,3283.2564464481657,3235.3847463268016,3281.9012235690516,2112352,Tcs
2023-11-10,3227.05908203125,3240.612256013225,3216.3134930404144,3231.4639108451115,1338557,Tcs
2023-11-13,3225.219970703125,3248.8895748352875,3220.8151416796786,3248.8895748352875,1030990,Tcs
2023-11-15,3295.648193359375,3304.070476339917,3248.938143408188,3275.1248611686806,2059802,Tcs
2023-11-16,3386.212158203125,3416.706799198424,3305.2318030842307,3320.5760265054296,3951984,Tcs
2023-11-17,3390.6650390625,3412.01133400274,3381.081104035575,3386.211995416574,2021292,Tcs
2023-11-20,3407.26806640625,3421.1114765993602,3379.822794289124,3379.822794289124,1475621,Tcs
2023-11-21,3398.168212890625,3426.09752921391,3389.261887875728,3407.268343773213,1807236,Tcs
2023-11-22,3417.481201171875,3419.901410862477,3369.996876121148,3388.293566842657,1798051,Tcs
2023-11-23,3396.2802734375,3430.889272162047,3388.293581424143,3417.3360978363503,2729804,Tcs
2023-11-24,3346.7626953125,3392.698225667578,3342.7934570794564,3382.726914972456,1989733,Tcs
2023-11-28,3359.396240234375,3370.142066029236,3323.432018004558,3346.762934458918,1689195,Tcs
2023-11-29,3401.604736328125,3405.719092821727,3364.8660003196806,3369.8999892303673,1441634,Tcs
2023-11-30,3376.289306640625,3404.4119532113477,3369.8998587350134,3387.76095837528,3266235,Tcs
2023-12-01,3399.57177734375,3404.7026693505563,3378.661306639518,3388.2936943007367,1172141,Tcs
2023-12-04,3400.345947265625,3434.5678046506023,3386.3571834146046,3431.5181988255104,1625213,Tcs
2023-12-05,3418.88525390625,3425.0808964321427,3391.0043898425065,3425.0808964321427,1377656,Tcs
2023-12-06,3489.0712890625,3497.542023213072,3412.6408758478797,3419.8532900035398,1896572,Tcs
2023-12-07,3499.526123046875,3514.676776711191,3477.0666255856177,3489.942187722662,1967653,Tcs
2023-12-08,3510.94970703125,3528.665689036048,3487.086534290926,3517.04868265239,1641155,Tcs
2023-12-11,3526.632568359375,3536.410309799711,3499.6231234399,3507.2708913278957,1102503,Tcs
2023-12-12,3554.90087890625,3580.361295646613,3515.1125372500437,3522.808756758384,2236866,Tcs
2023-12-13,3478.857666015625,3533.5059505009144,3449.282657982126,3527.2618571183775,3850968,Tcs
2023-12-14,3550.205810546875,3560.6127128478847,3511.821377064457,3514.1446839689565,3290396,Tcs
2023-12-15,3737.77197265625,3771.606458006144,3549.6732218674633,3549.6732218674633,8531230,Tcs
2023-12-18,3736.029296875,3803.6015995917833,3707.906412631967,3734.964546406344,2521612,Tcs
2023-12-19,3694.401611328125,3732.060215618145,3669.037861245698,3722.282474007839,2004435,Tcs
2023-12-20,3659.405517578125,3774.3654783191528,3646.336385199145,3705.099029440838,2586083,Tcs
2023-12-21,3666.61767578125,3685.204838907569,3623.8768672485476,3636.365054693946,1517562,Tcs
2023-12-22,3701.952880859375,3723.2022754659242,3641.93167829314,3678.718866962768,2413058,Tcs
2023-12-26,3674.410888671875,3711.633667304042,3669.1830938101693,3697.9353746780307,1285231,Tcs
2023-12-27,3689.561279296875,3696.337866536056,3647.740102461937,3677.7507030925954,1293976,Tcs
2023-12-28,3678.6220703125,3715.50616297844,3671.071204656837,3701.952987813849,1682889,Tcs
2023-12-29,3672.329345703125,3700.597584461739,3645.222996695166,3670.97412279217,1574996,Tcs
2024-01-01,3689.464599609375,3709.6974583264628,3652.580508942,3669.037935035828,825907,Tcs
2024-01-02,3662.45458984375,3689.464269709431,3647.0137004825833,3689.464269709431,1344068,Tcs
2024-01-03,3573.923583984375,3651.46719557593,3569.3736371199507,3646.7718943235973,1803075,Tcs
2024-01-04,3549.769775390625,3600.3037031966987,3534.4740038642503,3583.6042574101584,3598144,Tcs
2024-01-05,3618.6005859375,3628.1363065511255,3557.563087302939,3557.7082053433087,1963127,Tcs
2024-01-08,3560.90283203125,3620.3915366642027,3555.1909955723663,3618.600487022732,1067805,Tcs
2024-01-09,3572.1328125,3632.5898432398094,3565.211106913337,3591.5429426408423,1370944,Tcs
2024-01-10,3594.5439453125,3610.2268571056225,3570.2933965289362,3572.2295643144726,1292227,Tcs
2024-01-11,3616.325927734375,3652.580623199565,3588.6870846013217,3605.14451120996,1777909,Tcs
2024-01-12,3758.876220703125,3780.609657026063,3699.6295331901833,3725.186853655026,6813450,Tcs
2024-01-15,3779.205810546875,3838.452495361935,3761.00578675438,3833.6120760739627,2801505,Tcs
2024-01-16,3738.0625,3774.55921663568,3732.4960174414837,3774.55921663568,1432672,Tcs
2024-01-17,3760.61865234375,3785.159436354583,3690.868163049163,3697.1122566685535,3458696,Tcs
2024-01-18,3778.044189453125,3784.0462621517504,3738.739889959681,3773.590909130719,2239110,Tcs
2024-01-19,3834.890869140625,3854.828547294304,3807.658918491698,3836.7873325006367,2941975,Tcs
2024-01-23,3752.417236328125,3825.9920429065546,3737.34240520959,3793.02202337321,2618854,Tcs
2024-01-24,3736.41845703125,3777.1203579923717,3701.2114800977465,3773.5705734355965,2657709,Tcs
2024-01-25,3705.782470703125,3755.0917082724923,3675.049172415224,3734.5703920972205,2205154,Tcs
2024-01-29,3696.7373046875,3715.216128362602,3677.1401208727275,3696.542838242831,1646747,Tcs
2024-01-30,3696.299560546875,3742.253475636006,3683.1211945510818,3703.0101960268325,1411621,Tcs
2024-01-31,3711.277099609375,3728.8320292389103,3692.3119914794433,3706.6573937828534,2459358,Tcs
2024-02-01,3748.42919921875,3797.787108661937,3700.6761721547505,3715.2160408467994,2363107,Tcs
2024-02-02,3857.5029296875,3875.106297335912,3765.7895670709618,3768.7559518994767,2826510,Tcs
2024-02-05,3864.3115234375,3911.675623855697,3853.4187894774313,3873.745402739244,1691523,Tcs
2024-02-06,4022.548095703125,4036.066718938935,3880.552925980529,3887.3609135699685,4474396,Tcs
2024-02-07,3971.39111328125,4041.027200449419,3962.2003768845075,4039.0820610027527,2124267,Tcs
2024-02-08,4020.700439453125,4043.944760003293,3973.9684184871803,3977.8100212634604,2345173,Tcs
2024-02-09,4020.3115234375,4069.961016230209,3987.5357348811417,4023.0829671480524,2100596,Tcs
2024-02-12,4007.66796875,4045.500833365555,3992.933158561447,4016.712676589731,1013716,Tcs
2024-02-13,4035.677734375,4055.615412060188,3969.542998638767,4012.287624411532,1257415,Tcs
2024-02-14,3987.633056640625,4002.026898009872,3938.4209356490796,3994.3436924832126,1391283,Tcs
2024-02-15,3990.648193359375,4032.565567628202,3971.0020954133315,4014.7677320269977,1091582,Tcs
2024-02-16,4015.0595703125,4034.1709461020446,3987.633387876024,4000.422585306404,1307556,Tcs
2024-02-19,3991.231201171875,4015.059157963777,3943.769991476078,4009.9531672226553,772291,Tcs
2024-02-20,3920.087890625,3985.59055363256,3900.0044216853503,3970.126790678697,1193648,Tcs
2024-02-21,3882.011962890625,3951.89119090927,3871.4110481235507,3902.922211469392,1885939,Tcs
2024-02-22,3974.989501953125,3982.624031221046,3862.0740708816,3862.0740708816,2982052,Tcs
2024-02-23,3940.94970703125,4016.7127903511646,3935.4058698837393,4016.7127903511646,2538072,Tcs
2024-02-26,3891.300048828125,3938.9072881929615,3873.5019758149424,3925.291312381924,1379284,Tcs
2024-02-27,3991.81494140625,4010.8774023113297,3889.3061910385563,3889.3061910385563,2960475,Tcs
2024-02-28,4005.9658203125,4040.9294131671377,3976.837170281699,3983.2562247416804,1939225,Tcs
2024-02-29,3982.7705078125,4024.5910073734153,3953.058454240348,3986.563434888184,3772719,Tcs
2024-03-01,3982.041015625,4026.4387293417985,3974.6980665887722,3994.5386317793354,2043265,Tcs
2024-03-04,3968.76513671875,4004.944682155846,3964.0967546589172,3992.398627973585,1749271,Tcs
2024-03-05,3902.046875,3952.5231459862443,3870.8272935593636,3950.5780066427474,2070859,Tcs
2024-03-06,3952.815185546875,3960.3039249496005,3849.868585054649,3884.492162283685,1744204,Tcs
2024-03-07,3995.899658203125,4010.877135457934,3926.9443292907104,3953.495527554923,2688905,Tcs
2024-03-11,4009.272705078125,4039.081870716427,3976.837411355519,3976.837411355519,2304068,Tcs
2024-03-12,4077.25537109375,4113.921439154857,4008.0082177129125,4009.2728432697927,4039801,Tcs
2024-03-13,4035.19140625,4124.66781246234,4018.5603705525946,4089.6553056835983,2837260,Tcs
2024-03-14,4092.18408203125,4109.106698664816,3973.9195197028257,4039.519531391546,2919608,Tcs
2024-03-15,4103.51416015625,4122.722409172802,4062.4230958043863,4077.595276081033,3373143,Tcs
2024-03-18,4038.595458984375,4138.040705385616,4004.896015694858,4099.6242043308575,1526904,Tcs
2024-03-19,3868.20166015625,3946.687990396673,3857.7952114653012,3940.1231446758306,8931209,Tcs
2024-03-20,3861.976806640625,3907.78493306345,3851.570358663032,3876.6627036313866,1817913,Tcs
2024-03-21,3863.970703125,3898.4482511532437,3839.705136843681,3880.6017398046433,3829582,Tcs
2024-03-22,3803.62255859375,3829.979291151296,3749.2560100020937,3790.103935402895,5852485,Tcs
2024-03-26,3771.138916015625,3838.440690058343,3765.254821991244,3768.7074918273493,3440925,Tcs
2024-03-27,3735.542724609375,3788.158838368847,3724.3581734819704,3781.8371355577046,1968575,Tcs
2024-03-28,3769.971923828125,3807.6103232125056,3735.153881557504,3744.490645526798,4311783,Tcs
2024-04-01,3809.312255859375,3825.408331390376,3781.39955381263,3790.7847561528083,1569676,Tcs
2024-04-02,3777.26611328125,3802.6016005490583,3766.76231340809,3783.2959977168784,2142666,Tcs
2024-04-03,3839.024169921875,3871.7997191513855,3745.365666529009,3745.365666529009,3973090,Tcs
2024-04-04,3893.488525390625,3918.1430260724587,3827.3051064530073,3866.839971789911,3394637,Tcs
2024-04-05,3870.097900390625,3892.223860617775,3851.862218884732,3868.882188290232,1636819,Tcs
2024-04-08,3863.581787109375,3922.0330832785467,3851.375989955484,3873.7450929274473,2302538,Tcs
2024-04-09,3838.294921875,3905.694048254169,3817.384673734395,3874.717608938137,1876992,Tcs
2024-04-10,3875.349853515625,3880.7476629694565,3810.528176426063,3847.8747588285305,2101965,Tcs
2024-04-12,3891.64013671875,3903.2625340933573,3837.27358778367,3862.0741140765313,4354821,Tcs
2024-04-15,3833.091552734375,3952.717622669279,3811.549229426857,3891.6401996365257,4200329,Tcs
2024-04-16,3766.567626953125,3820.934173085947,3756.8906068381593,3794.966612030053,3051420,Tcs
2024-04-18,3756.064208984375,3828.0343673129205,3744.393372498665,3770.458288138839,3476284,Tcs
2024-04-19,3721.246337890625,3746.8736458352478,3696.6402756744365,3732.7227084538367,2957749,Tcs
2024-04-22,3758.593017578125,3771.6253567885888,3707.4357555642346,3731.7499984522474,1728883,Tcs
2024-04-23,3768.415283203125,3788.1584930561976,3754.7021946675504,3770.700916680926,1807586,Tcs
2024-04-24,3725.963134765625,3791.0766276099876,3719.54407987477,3783.296070139264,1317312,Tcs
2024-04-25,3746.532958984375,3767.394531605907,3706.4631347461445,3706.657601197812,2856271,Tcs
2024-04-26,3716.529296875,3770.4582389436573,3698.2449391305313,3749.401962592489,2039178,Tcs
2024-04-29,3764.0390625,3771.4306869167895,3714.4380096837563,3732.7223668381052,1110693,Tcs
2024-04-30,3715.84814453125,3775.2722452234852,3705.4903727188716,3765.789691120071,2203078,Tcs
2024-05-02,3757.328857421875,3764.91494915195,3674.417284143383,3674.417284143383,2491044,Tcs
2024-05-03,3737.974365234375,3786.7975551120285,3693.430862032895,3783.4419996244737,2962234,Tcs
2024-05-06,3813.494384765625,3831.875856708849,3747.310970665456,3747.310970665456,2053831,Tcs
2024-05-07,3869.80615234375,3878.6079555993488,3806.151513098809,3822.9770163628573,2062112,Tcs
2024-05-08,3867.861083984375,3875.0095663734273,3830.563177847568,3852.348644505229,1247685,Tcs
2024-05-09,3851.570556640625,3862.074357102614,3802.7962801729855,3853.32122962492,1726486,Tcs
2024-05-10,3787.089111328125,3864.6031074267457,3778.4820118323983,3853.9048405813305,1672489,Tcs
2024-05-13,3839.5107421875,3846.513196599001,3763.8447713876444,3777.9470321589934,931326,Tcs
2024-05-14,3794.188720703125,3837.565422637813,3786.11634501382,3828.0341924544327,1058317,Tcs
2024-05-15,3773.959228515625,3819.2323938552713,3769.1937321404057,3797.3982523912305,1115021,Tcs
2024-05-16,3821.5205078125,3829.8964642714295,3765.240327516879,3811.871212722825,2599399,Tcs
2024-05-17,3756.031982421875,3840.1828319751426,3752.0153689961217,3839.203193497598,2765804,Tcs
2024-05-21,3742.4150390625,3766.465212644621,3732.471803718336,3752.6034232070624,1908117,Tcs
2024-05-22,3753.974853515625,3763.0365099339497,3739.8191245663174,3756.913769110757,1311168,Tcs
2024-05-23,3814.17333984375,3825.488211966575,3747.6069538740417,3762.742320348681,2095742,Tcs
2024-05-24,3771.118408203125,3804.720056608894,3766.0243358337225,3799.2830150964464,1309452,Tcs
2024-05-27,3768.71826171875,3828.770148367113,3763.134370217548,3776.506339799602,1841538,Tcs
2024-05-28,3761.7138671875,3791.2010823849855,3752.015541481782,3779.4454201140243,1801993,Tcs
2024-05-29,3726.201904296875,3770.5305466531386,3722.6263194210433,3770.5305466531386,1568095,Tcs
2024-05-30,3660.027587890625,3717.140322546408,3639.7979088533293,3700.094707884028,2919230,Tcs
2024-05-31,3596.203857421875,3673.4484478197846,3579.354123272811,3663.8479428095284,10956800,Tcs
2024-06-03,3627.45458984375,3675.162937939019,3620.743970313197,3656.794715687024,2156773,Tcs
2024-06-04,3639.357177734375,3668.7463339475735,3518.3718179900425,3624.662599627776,3395997,Tcs
2024-06-05,3670.166748046875,3706.756343061055,3624.6625858503157,3640.3368024377764,2799670,Tcs
2024-06-06,3752.4072265625,3761.713792341841,3665.317459305752,3704.013180177749,4328036,Tcs
2024-06-07,3814.663330078125,3835.2847685577945,3759.1669041268424,3759.1669041268424,4552445,Tcs
2024-06-10,3780.131103515625,3826.369993755079,3763.673128570854,3815.692029571215,1734661,Tcs
2024-06-11,3773.66552734375,3800.9483158199455,3762.7914444244025,3766.7099983889166,1419898,Tcs
2024-06-12,3753.6318359375,3814.2225740099775,3749.5174019913065,3795.5113826278625,2177001,Tcs
2024-06-13,3799.18505859375,3810.7938708088977,3773.5676067752893,3778.2699195397627,1932323,Tcs
2024-06-14,3754.02392578125,3809.8142929599544,3750.0563418489855,3809.8142929599544,1860730,Tcs
2024-06-18,3737.4189453125,3763.7711253531625,3717.7771455099964,3748.1459390773957,1774045,Tcs
2024-06-19,3724.29150390625,3755.7870240522284,3715.7196673389967,3749.7130742346512,1509050,Tcs
2024-06-20,3710.1357421875,3732.373487303002,3703.0823931387763,3718.7075786768105,2846526,Tcs
2024-06-21,3733.1572265625,3798.8420325256525,3720.715866070661,3749.0763513887523,4642195,Tcs
2024-06-24,3739.084228515625,3778.465647895979,3714.103447073741,3731.1980908539826,1702154,Tcs
2024-06-25,3760.293212890625,3769.305838922121,3715.670633038322,3739.280015679649,1338808,Tcs
2024-06-26,3777.339111328125,3788.212954904168,3762.7913842995013,3766.220118963664,1639845,Tcs
2024-06-27,3854.044677734375,3861.734935564597,3740.357822070456,3752.9950629497644,4526556,Tcs
2024-06-28,3824.65576171875,3879.368670581521,3818.484230169389,3838.0279714713593,2731571,Tcs
2024-07-01,3897.19775390625,3920.219258189819,3804.915856909854,3804.915856909854,2658723,Tcs
2024-07-02,3935.599609375,3941.477440367746,3901.4593511938683,3912.2844044394196,2307449,Tcs
2024-07-03,3884.511474609375,3944.122571659196,3874.470180210599,3938.1466812760073,1821198,Tcs
2024-07-04,3939.077392578125,3964.9399925707075,3901.0185802211668,3918.407163657249,2518001,Tcs
2024-07-05,3930.11376953125,3944.759317225375,3906.798325472104,3928.3503724029933,1668616,Tcs
2024-07-08,3911.892578125,3949.167872482437,3897.051149881357,3940.106215968834,1758882,Tcs
2024-07-09,3904.349365234375,3925.362563890056,3894.1612201799726,3903.859545968883,1305801,Tcs
2024-07-10,3829.5537109375,3921.786818355145,3822.5493913955625,3902.585808266167,2669716,Tcs
2024-07-11,3843.807373046875,3898.9610661124757,3816.279675855698,3850.9587816301864,4872189,Tcs
2024-07-12,4098.7587890625,4114.4330054282855,3890.4385136742408,3898.9613209892245,13509164,Tcs
2024-07-15,4084.30908203125,4153.667297454993,4072.4060914203146,4149.455043182372,4848030,Tcs
2024-07-16,4093.37060546875,4109.142402353893,4060.5034474020554,4087.051745925721,2029521,Tcs
2024-07-18,4227.6787109375,4236.93648604033,4075.296134549774,4075.296134549774,5613364,Tcs
2024-07-19,4224.58544921875,4279.916382656846,4207.745724985431,4239.314154865978,3903354,Tcs
2024-07-22,4209.80810546875,4241.818590319842,4187.862236778732,4222.1803148836,1896386,Tcs
2024-07-23,4224.537109375,4282.8137917236645,4189.13882773974,4205.536980663162,2365208,Tcs
2024-07-24,4228.3662109375,4260.622174468574,4190.9062961576155,4209.955327580733,1809793,Tcs
2024-07-25,4244.322265625,4264.4514978853385,4196.896022372138,4217.319636983082,2810342,Tcs
2024-07-26,4308.490234375,4342.464545151934,4258.608729472141,4271.324703991635,3552210,Tcs
2024-07-29,4301.86279296875,4350.860197383269,4291.945367357768,4335.149576043135,1746803,Tcs
2024-07-30,4286.3974609375,4318.456850304975,4249.035353541636,4311.681741041037,1797906,Tcs
2024-07-31,4306.03564453125,4334.167378134563,4266.415328045917,4271.32489689292,2330091,Tcs
2024-08-01,4317.5732421875,4339.3714407578755,4286.102617400063,4319.831452135074,2202244,Tcs
2024-08-02,4205.5859375,4318.457126714295,4192.772153494779,4286.053969556137,2811282,Tcs
2024-08-05,4079.90087890625,4162.332736944009,4036.156809438158,4162.332736944009,2787771,Tcs
2024-08-06,4095.7587890625,4181.234188453704,4085.546502593992,4095.5133106272006,2203067,Tcs
2024-08-07,4124.47998046875,4168.175144224216,4104.694033994683,4151.531513665411,1237666,Tcs
2024-08-08,4097.083984375,4155.458948002559,4084.7611587170704,4105.381347258672,2441283,Tcs
2024-08-09,4152.267578125,4176.717133478339,4129.486988399369,4140.730092096512,1302536,Tcs
2024-08-12,4119.76611328125,4162.332168001852,4110.634507665087,4153.494944715224,936912,Tcs
2024-08-13,4121.04345703125,4157.423172797769,4107.345567268085,4136.802982285547,1495593,Tcs
2024-08-14,4217.5654296875,4228.317578037032,4112.40236132334,4132.875360818273,3226545,Tcs
2024-08-16,4336.18017578125,4346.932323500371,4246.875404760914,4271.32496210224,3457058,Tcs
2024-08-19,4408.79296875,4412.966102406389,4310.945354320212,4341.040916446269,2055210,Tcs
2024-08-20,4441.490234375,4482.436229168461,4418.611835982054,4423.5214046887,2212298,Tcs
2024-08-21,4469.1806640625,4477.5269313687795,4411.29665372891,4436.286551737751,1896990,Tcs
2024-08-22,4420.57568359375,4478.459690688716,4415.862689393936,4477.526680850177,1829872,Tcs
2024-08-23,4383.16455078125,4424.503214207465,4374.425614579285,4418.611731898268,1809253,Tcs
2024-08-26,4421.017578125,4469.818401872383,4403.882992094799,4407.810646937247,1844164,Tcs
2024-08-27,4415.8134765625,4428.431164573309,4405.650573010988,4423.521595654713,930697,Tcs
2024-08-28,4424.55224609375,4479.981468869434,4376.6839509469255,4417.384467523588,1848058,Tcs
2024-08-29,4430.19873046875,4473.599514554176,4379.335784660146,4379.335784660146,2133641,Tcs
2024-08-30,4471.39013671875,4509.193819455762,4406.6327273671195,4418.6122679625305,3637222,Tcs
2024-09-02,4439.28076171875,4505.020076011625,4430.394634473508,4493.237111558238,1216500,Tcs
2024-09-03,4430.73876953125,4473.500923144872,4414.586095966468,4439.281131802064,1717263,Tcs
2024-09-04,4398.2373046875,4405.847136492228,4356.457065075125,4395.979094770648,1265505,Tcs
2024-09-05,4394.9970703125,4417.629990620445,4373.591062750139,4399.955543002937,1688793,Tcs
2024-09-06,4376.14404296875,4437.219269128685,4359.696987890559,4393.033151008172,1649179,Tcs
2024-09-09,4369.07421875,4409.03830092537,4350.3689532319695,4374.425840570686,1184938,Tcs
2024-09-10,4426.31982421875,4457.839350275992,4360.1389358947,4362.102763319449,1385591,Tcs
2024-09-11,4398.33544921875,4467.069411676029,4390.381851958678,4439.674113958071,1325919,Tcs
2024-09-12,4435.9921875,4450.622607300757,4351.154451209502,4428.676737874571,2742216,Tcs
2024-09-13,4440.8037109375,4464.762313187297,4423.521931143341,4448.069777598077,1458786,Tcs
2024-09-16,4431.6220703125,4463.828648356052,4413.162284266815,4445.123383881834,1155120,Tcs
2024-09-17,4424.15966796875,4453.764272150941,4385.226883000954,4431.62230848725,1699364,Tcs
2024-09-18,4267.54443359375,4415.715125527233,4242.84939817985,4415.715125527233,2961779,Tcs
2024-09-19,4218.44873046875,4342.219248359466,4204.35817203477,4310.650337218327,2927551,Tcs
2024-09-20,4207.40185546875,4252.3737899385205,4151.040105806238,4238.823093407437,5447908,Tcs
2024-09-23,4191.298828125,4231.459004478235,4176.0791650499295,4222.22911114853,1702319,Tcs
2024-09-24,4194.0478515625,4213.39174349326,4163.314144118252,4174.753342987435,3012026,Tcs
2024-09-25,4197.43603515625,4212.017551040905,4163.314530454997,4175.4412618287715,2713073,Tcs
2024-09-26,4214.865234375,4238.725549338179,4182.953033998253,4182.953033998253,3964251,Tcs
2024-09-27,4230.77197265625,4298.818403851764,4222.2780351461415,4256.596112539378,3012477,Tcs
2024-09-30,4191.298828125,4221.001718965056,4183.001465184691,4209.365945175714,2503416,Tcs
2024-10-01,4210.34814453125,4218.056263856357,4166.211406289576,4178.583136778167,1823365,Tcs
2024-10-03,4156.1953125,4201.608822204832,4133.85677529384,4185.505533031941,3350119,Tcs
2024-10-04,4175.3427734375,4220.26532782277,4147.652613708516,4148.5856235577485,2965463,Tcs
2024-10-07,4195.57080078125,4219.529403464621,4152.906451090779,4196.601618570953,1472619,Tcs
2024-10-08,4176.32470703125,4202.001656010186,4127.9165503585355,4195.324834210528,1541867,Tcs
2024-10-09,4176.03076171875,4217.3200479400675,4169.893800065752,4182.953062683279,1082504,Tcs
2024-10-10,4150.9423828125,4216.19074786921,4122.663456603558,4176.324950925273,2378875,Tcs
2024-10-11,4074.156982421875,4165.229488527156,4038.0716498141223,4068.068925004607,5759183,Tcs
2024-10-14,4061.833251953125,4090.0632711112576,4047.644886515852,4065.122758771127,2137590,Tcs
2024-10-15,4042.34228515625,4094.531383895366,4020.936757446088,4056.3345559239197,2759474,Tcs
2024-10-16,4020.8876953125,4040.5751141050914,3993.6395885284373,4011.1177013655647,2359151,Tcs
2024-10-17,4034.68359375,4055.2548785670365,4018.9238301370233,4038.414674215347,2522659,Tcs
2024-10-18,4058.356201171875,4081.0938417563607,4015.981878743336,4025.824971583393,2361000,Tcs
2024-10-21,4015.834228515625,4074.991311135829,4006.138686185549,4067.7565419545163,1595450,Tcs
2024-10-22,3952.493896484375,4025.628123729215,3943.4875627358756,4002.201514906106,1928049,Tcs
2024-10-23,4002.447509765625,4049.0051452980897,3932.463025582815,3936.8433940172417,1966476,Tcs
2024-10-24,3984.38525390625,4014.9973672208257,3941.1741746389275,3941.1741746389275,2676744,Tcs
2024-10-25,3993.884033203125,4027.7934387000987,3969.42385229137,3993.3918785796277,1759676,Tcs
2024-10-28,4026.66162109375,4069.134469419595,3987.436801068887,4005.1051041743235,1532534,Tcs
2024-10-29,4011.306396484375,4039.1131336663107,3996.394207004564,4031.5832637923236,1445885,Tcs
2024-10-30,4020.55859375,4042.55800112918,3996.344730916741,4011.0601058196758,1935002,Tcs
2024-10-31,3906.18212890625,4014.308599846557,3897.864763520815,4006.1387847297265,3740372,Tcs
2024-11-01,3921.684814453125,3936.203375700577,3913.662790294584,3927.2463058287503,154895,Tcs
2024-11-04,3901.949462890625,3929.2640448975253,3851.848217603721,3904.0658719887983,2269192,Tcs
2024-11-05,3909.03662109375,3923.4566554269013,3879.261266395641,3879.261266395641,967590,Tcs
2024-11-06,4074.69580078125,4084.686443814856,3912.87545183105,3940.780715946805,3792017,Tcs
2024-11-07,4085.769287109375,4139.80777036327,4020.952665320235,4104.274589912992,3724349,Tcs
2024-11-08,4081.930419921875,4104.323455140882,4053.0408475923055,4089.8048938450424,1648039,Tcs
2024-11-11,4132.8193359375,4167.860359857493,4053.04078486624,4063.425535563547,1406487,Tcs
2024-11-12,4131.53955078125,4151.816417459889,4099.00832230913,4149.847798959433,1587640,Tcs
2024-11-13,4085.22802734375,4130.899880816483,4066.2305702818967,4112.542609268491,1098813,Tcs
2024-11-14,4080.84765625,4094.7265129104985,4051.8600369763685,4070.118781462719,1825432,Tcs
2024-11-18,3956.43115234375,4146.894998090364,3927.5908423676865,4146.894998090364,3313944,Tcs
2024-11-19,3976.16650390625,4067.3133968435627,3951.115881398178,3956.8246828361807,1776233,Tcs
2024-11-21,4008.944091796875,4028.236409232463,3960.8604880090948,3981.432455552984,2384347,Tcs
2024-11-22,4177.9990234375,4188.186720017956,3990.389589438143,4007.122846226611,3096553,Tcs
2024-11-25,4247.39306640625,4260.189087034664,4185.480108874261,4212.843714585579,4052167,Tcs
2024-11-26,4284.4033203125,4298.085123579749,4242.373120582253,4253.249546195695,2060669,Tcs
2024-11-27,4264.56884765625,4308.71521363045,4256.202219033572,4290.55499634484,1558993,Tcs
2024-11-28,4178.29443359375,4271.853320530873,4166.5812490977505,4251.23184853607,2558544,Tcs
2024-11-29,4203.83740234375,4231.250512031332,4129.817151927626,4153.785179120677,2017425,Tcs
2024-12-02,4209.5458984375,4220.914958216208,4163.676993000992,4203.000338296886,1670944,Tcs
2024-12-03,4235.23681640625,4257.137698206271,4198.522271973675,4246.654900345047,2010905,Tcs
2024-12-04,4286.076171875,4318.115726856116,4221.751465216019,4245.867042233743,3302642,Tcs
2024-12-05,4394.00537109375,4418.564078323639,4291.588189238375,4331.747813073262,3746747,Tcs
2024-12-06,4375.74658203125,4394.940611577895,4343.510455484962,4383.128901087652,1842087,Tcs
2024-12-09,4382.29248046875,4399.271815609351,4346.266664568218,4360.933257388377,2066639,Tcs
2024-12-10,4363.0,4423.288944687637,4342.871163165953,4356.700516597411,2087828,Tcs
2024-12-11,4357.97998046875,4378.847047235939,4337.850664985335,4362.310844845357,1635256,Tcs
2024-12-12,4385.048828125,4414.6271298014035,4356.5528821629905,4360.539142507212,1914642,Tcs
2024-12-13,4403.701171875,4424.371666662094,4325.448584466717,4365.362613963178,1967048,Tcs
2024-12-16,4345.92236328125,4404.783863782896,4328.007742805228,4389.034915890042,1646224,Tcs
2024-12-17,4260.58251953125,4363.393811274363,4250.247272573856,4340.8037221053055,3225027,Tcs
2024-12-18,4279.62890625,4293.556785484744,4222.2928946144,4244.046224337432,1575404,Tcs
2024-12-19,4204.87060546875,4295.525583873814,4195.126039979421,4214.812225056753,3015763,Tcs
2024-12-20,4104.86474609375,4313.24321027579,4087.3442333797852,4261.074819097192,4116989,Tcs
2024-12-23,4093.052978515625,4150.832123971284,4050.3340530174855,4134.147889868673,2195338,Tcs
2024-12-24,4113.92041015625,4151.816315358072,4093.0528623167015,4093.0528623167015,1181886,Tcs
2024-12-26,4103.68359375,4134.049628782047,4078.140577688001,4113.920313335754,1208464,Tcs
2024-12-27,4099.50048828125,4115.347963377728,4082.1765493053435,4097.679420039338,858100,Tcs
2024-12-30,4093.545166015625,4133.409691121346,4047.479684808028,4085.8677460209447,1527169,Tcs
2024-12-31,4030.549560546875,4074.9912673216186,3968.7841551770334,4070.1187442915557,1555429,Tcs
2025-01-01,4047.9228515625,4069.134524093068,4021.346260950125,4030.1557808587904,763161,Tcs
2025-01-02,4110.2294921875,4117.365734495675,4032.6661128651804,4055.3542496108485,1720835,Tcs
2025-01-03,4035.5693359375,4114.36357856104,4028.088729938378,4114.36357856104,1791953,Tcs
2025-01-06,4030.746337890625,4084.538741733885,4002.5949975020426,4041.081584910857,2085593,Tcs
2025-01-07,3965.093017578125,4075.3849175960827,3948.605837566856,4050.3835586581686,2669054,Tcs
2025-01-08,4043.93603515625,4061.259974116957,3954.708497578382,3971.5893051277485,2181277,Tcs
2025-01-09,3975.4775390625,4072.8256284632957,3962.140100567154,4036.6522632657784,2392472,Tcs
2025-01-10,4198.71875,4229.576941801279,4104.569664256768,4134.098942416888,7894300,Tcs
2025-01-13,4223.76953125,4255.119877078866,4161.068839592267,4178.392778567286,4003771,Tcs
2025-01-14,4166.6298828125,4246.211378062048,4152.8495539595815,4234.498194661013,3441709,Tcs
2025-01-15,4182.9208984375,4189.663513268121,4141.432357556204,4151.81662842586,1653474,Tcs
2025-01-16,4140.2998046875,4226.62391813247,4126.0768244014525,4193.1574036432985,2637705,Tcs
2025-01-17,4124.2998046875,4160.60009765625,4100.0498046875,4159.89990234375,1761466,Tcs
2025-01-20,4077.800048828125,4145.7998046875,4068.10009765625,4145.7998046875,1287799,Tcs
2025-01-21,4035.85009765625,4111.0,4030.0,4095.300048828125,1971591,Tcs
2025-01-22,4156.60009765625,4163.14990234375,4044.199951171875,4050.0,2409223,Tcs
2025-01-23,4145.4501953125,4191.35009765625,4140.0498046875,4168.0,1822998,Tcs
2025-01-24,4152.35009765625,4178.0,4104.0,4104.0,1910099,Tcs
2025-01-27,4065.14990234375,4156.35009765625,4041.050048828125,4102.0,1551782,Tcs
2025-01-28,4040.300048828125,4102.0,4028.300048828125,4070.800048828125,2468272,Tcs
2025-01-29,4099.7998046875,4107.85009765625,4054.0,4054.0,1217089,Tcs
2025-01-30,4100.0498046875,4129.89990234375,4058.5,4099.89990234375,1531251,Tcs
2025-01-31,4112.39990234375,4128.4501953125,4085.25,4110.0,1492943,Tcs
2025-02-01,4073.14990234375,4135.89990234375,4056.0,4113.0,437172,Tcs
2025-02-03,4068.64990234375,4077.0,3998.699951171875,4030.89990234375,1265713,Tcs
2025-02-04,4107.0498046875,4118.85009765625,4066.050048828125,4083.699951171875,2547132,Tcs
2025-02-05,4091.10009765625,4150.0,4076.0,4150.0,1693912,Tcs
2025-02-06,4082.75,4139.5,4051.550048828125,4105.39990234375,2284536,Tcs
2025-02-07,4029.39990234375,4090.0,4008.0,4090.0,1548940,Tcs
2025-02-10,4036.949951171875,4052.0,4014.35009765625,4040.0,1339511,Tcs
2025-02-11,3963.550048828125,4040.0,3955.0,4018.39990234375,1810908,Tcs
2025-02-12,3950.14990234375,4021.75,3940.14990234375,3971.10009765625,1678002,Tcs
2025-02-13,3910.14990234375,3984.449951171875,3902.25,3968.0,2277310,Tcs
2025-02-14,3934.85009765625,3948.0,3900.0,3925.0,1681975,Tcs
2025-02-17,3904.5,3934.0,3856.199951171875,3856.5,1799806,Tcs
2025-02-18,3873.199951171875,3924.39990234375,3864.5,3898.39990234375,2149879,Tcs
2025-02-19,3784.10009765625,3874.949951171875,3768.14990234375,3872.199951171875,4366672,Tcs
2025-02-20,3779.39990234375,3788.0,3751.300048828125,3761.5,2888572,Tcs
2025-02-21,3786.0,3817.0,3775.0,3776.10009765625,1833931,Tcs
2025-02-24,3675.60009765625,3763.199951171875,3670.0,3743.14990234375,2508516,Tcs
2025-02-25,3629.550048828125,3658.0,3621.25,3625.0,4101954,Tcs
2025-02-27,3612.550048828125,3638.0,3600.699951171875,3611.699951171875,3823856,Tcs
2025-02-28,3483.25,3600.0,3457.0,3584.949951171875,7085018,Tcs
2025-03-03,3493.050048828125,3523.25,3476.14990234375,3485.0,4990439,Tcs
2025-03-04,3532.050048828125,3551.0,3464.300048828125,3474.0,2797737,Tcs
2025-03-05,3547.050048828125,3600.35009765625,3520.85009765625,3520.85009765625,2501894,Tcs
2025-03-06,3601.60009765625,3609.449951171875,3536.10009765625,3557.0,2786513,Tcs
2025-03-07,3611.199951171875,3625.0,3574.39990234375,3600.0,2051315,Tcs
2025-03-10,3589.64990234375,3622.10009765625,3582.60009765625,3606.5,1004626,Tcs
2025-03-11,3575.300048828125,3588.75,3537.64990234375,3558.0,1995450,Tcs
2025-03-12,3506.199951171875,3569.25,3486.85009765625,3565.0,3174167,Tcs
2025-03-13,3511.050048828125,3524.300048828125,3484.10009765625,3502.300048828125,1693004,Tcs
2025-03-17,3497.699951171875,3530.449951171875,3477.35009765625,3489.0,2690906,Tcs
2025-03-18,3497.699951171875,3497.699951171875,3497.699951171875,3497.699951171875,0,Tcs
2025-03-19,3497.10009765625,3547.0,3462.75,3547.0,3051244,Tcs
2025-03-20,3563.14990234375,3578.949951171875,3512.0,3512.0,2845192,Tcs
2025-03-21,3578.10009765625,3616.25,3465.0,3475.0,4161925,Tcs
2025-03-24,3628.949951171875,3649.75,3566.60009765625,3600.0,1834751,Tcs
2025-03-25,3657.75,3710.0,3638.0,3645.0,3135390,Tcs
2025-03-26,3635.800048828125,3680.5,3625.85009765625,3647.75,1734499,Tcs
2025-03-27,3651.199951171875,3663.0,3610.5,3614.85009765625,2528474,Tcs
2025-03-28,3606.14990234375,3660.949951171875,3591.89990234375,3651.0,2051919,Tcs
